,video_ids,descriptions,titles,view_counts,channel_ids,publish_dates,tags,thumbnails,translated
0,hg5cwhOExAU,"想了解更多 Ai 版塊相關的項目？立即與我們一起討論！
👉🏻廣東話 TG 交流群：https://t.me/cryptowesearch

隨著 AI 浪潮和 ChatGPT 的興起，在過往一段時間裡 AI 板塊的幣種曾經被炒到天價，如果你相信 AI 熱潮不是曇花一現，在未來還是會繼續發展，趁現在幣市表現平平，就是埋伏這些 AI 幣種的好機會 🤩

除了 Layer2 之外，相信 AI 一定是未來幣圈最大的敍事之一，而 AI 和區塊鏈、去中心化技術，其實也有不少的協同效應，因為訓練 AI、Machine Learning 的模型其實都要用大量算力，可以預見算力資源作為下一個全球爭奪的目標。如果用去中心化的方式讓閒置的 GPU 可以協助運算，不但成本可以降低 ，還可以變得更高效。而且去中心化的數據存儲，更可以避免一旦中央化系統崩潰而造成的災難情況 🤭

你知道目前市面上有哪些幣種跟 AI 相關嗎？今天我就會介紹 6 個與AI 相關的項目，讓你提早埋伏。

1. $TAO 是一個集合有價值的 AI 或 Machine Learning 模型的平台。
2. $OCEAN 是一個去中心化的數據市場，讓企業和個體戶可以交換數據，並實現數據貨幣化。
3. $AGIX 是一個 AI marketplace，目前已經有 70 個專案以上，讓各方將上面的 AI 服務整合到自己的應用程式。
4. $AKT 是用 Cosmos SDK 搭建的去中心化的雲計算市場。
5. $RNDR 是一條去中心化的雲端渲染算力網路，是基於 GPU 的分散式渲染解決方案。
6. Gensyn 是一個去中心化的深度學習計算協議，暫時未有代幣，但是有機會成為Machine Learning 的基礎層。

今天跟大家介紹了這麼多隻 AI 領域相關的幣種，不知道大家最看好哪隻？或者最近有沒有留意到一些新項目，想跟大家分享呢？歡迎你留言交流一下！😍

0:00 Ai 板塊介紹
0:29 全球算力爭奪
1:45 AI 相關幣種介紹
1:54 $TAO
2:54 $OCEAN
3:26 $AGIX
3:49 $AKT
4:13 $RNDR
5:13 Gensyn
6:06 結尾

聲明：此影片內容及觀點皆為參考且不構成投資建議。

_______________________________________________
新手必看影片🎥
完整清單 🚀 https://www.youtube.com/playlist?list=PLde-a4CMiDuNVuyF_kwBq0InsDFoo2erE  

DeFi 以太坊錢包 MetaMask 手把手教學 🦊
https://youtu.be/YOmwt2Rsi1Y 

從零開始學習 TradingView｜炒幣炒股必備🔥 
https://youtu.be/0V-bkBJAQZM 
____________________
訂閱我的頻道，一起在 Web3 世界中找出更多機會。
記得按下小鈴鐺 🔔  就不會錯過任何重要資訊！",2024 最值得期待的 6 個 AI 項目｜未來幣圈最大敍事｜AI 和區塊鏈的協同效應｜散户也可以出租算力賺幣？｜AI浪潮仍未結束?｜如何埋伏Ai 版塊？｜廣東話,1593,UCmqS0zPC0zg4L4TiYyTiK4A,2023-10-06T11:30:11Z,"['Blockchain', '區塊鏈', 'DeFi', '加密貨幣', '虛擬貨幣', '加密貨幣市場', 'AI 相關幣種', 'AI 敍事', '$TAO', '$OCEAN', '$AGIX', '$AKT', '$RNDR', 'Gensyn', '去中心化算力資源', '中心化數據市場', '數據貨幣化', '去中心化雲計算市場', '去中心化雲端渲染算力網路', '去中心化深度學習計算協議']","{'url': 'https://i.ytimg.com/vi/hg5cwhOExAU/default.jpg', 'width': 120, 'height': 90}","If you believe that AI’s hot tide is not just a flower, but will continue to develop in the future, it is an opportunity to lay down these AI’s coins, which, in addition to Layer2, must be one of the biggest events in the future currency, and that AI’s links, centralization techniques have been fired over the past time, because training AI, Machine Learning’s models are going to be able to use a lot of money, and it is possible to predict the potential of these AI’s resources as a goal of today’s global dispute. US$AGIX is an AI translation system based on GPU, which now has more than 70 projects to integrate the above AI services into its applications. 4. US$AKT is a decentralised cloud computing market built with Cosmos SDK. US$RDR is a decentralised cloud-based network, based on GPU, which now has more than 70 projects. <www.youtube.com/playlist?list=PLde-a4CMiDuNVuyF_kwBq0InsDFoo2erE DeFi hand-in-hand tutoring at https://youtube.be/YOmwt2Rsi1Y from scratch https://youtu.be/0V-bkBJAQZM"
1,XNwuUrGv1Jg,"🌟廣東話 TG 交流群：https://t.me/cryptowesearch

這次 Token 2049 的行程中我有幸參加了Bybit舉辦的 Reload 晚會，現場氣氛十分好🎊，更加得到了機會訪問 Bybit 的 CEO Ben Zhon，了解到他對於全球加密貨幣監管的看法，Ben 認為全球加密貨幣監管取决於當地對於加密貨幣的定性，有部分地區認為加密貨幣是騙案，就會採取嚴苛的法案，而部分想從中獲利的地區會表現出歡迎的態度，所以交易所會向這些地區比如香港、新加玻申請牌照。💪🏻

而談到 Bybit 未來的發展，Ben 表示 Bybit 會繼續在牌照、合規方面努力，目前bybit擁有 5 張歐洲的牌照，香港和新加坡的牌照也正在處理，希望成為 Web 2 和 Web 3 之間的一個橋樑，令事情變得簡單。😀

在 RELOAD 晚會中更遇到了Bybit Fiat 負責人向我們介紹一下 Bybit card 有什麼優勢：
👉🏻 第一，Bybit card 不需要質押資產，門檻很低。
👉🏻 第二，獎賞很高，目前 bybit card 可以提供最高 10% 的獎賞。
👉🏻 第三，bybit card 更加提供儲蓄回贈功能，最高可獲得 8%年利率。

至於回贈計算方面，目前消費 1 歐元 就會有 1 積分，這些積分都可以用來兑换禮品。你期待 Bybit card 嗎？ 預期今年 Bybit card 就會開放香港申請，讓我們密切期待！

現場我也與不少 KOL 交流了意見，Anson 認為目前我們身處牛市，更加是裝備好自己的機會，減半在即，相信牛市也會緊隨其後，所以非常看好未來的2-3年。

影片最後有我的絕密解禁鏡頭，不容錯過！記得要看到最後！

0:00 Bybit RELOAD Vlog
0:23 為什麼叫 RELOAD
0:46 訪問 Bybit CEO
1:12 怎麼看全球加密貨幣的監管
2:41 Bybit 未來的發展方向
3:42 Bybit card 介紹
4:00 Bybit card 的優勢
5:27 回贈的計算方式
6:11 迎新優惠
6:50 訪問 Anson
7:27 如何看待後市
7:56 Anson 的近況
8:29 Desmond 絕密解禁

聲明：此影片內容及觀點皆為參考且不構成投資建議。

_______________________________________________
新手必看影片🎥
完整清單 🚀 https://www.youtube.com/playlist?list=PLde-a4CMiDuNVuyF_kwBq0InsDFoo2erE  

DeFi 以太坊錢包 MetaMask 手把手教學 🦊
https://youtu.be/YOmwt2Rsi1Y 

從零開始學習 TradingView｜炒幣炒股必備🔥 
https://youtu.be/0V-bkBJAQZM 
____________________
訂閱我的頻道，一起在 Web3 世界中找出更多機會。
記得按下小鈴鐺 🔔  就不會錯過任何重要資訊！",香港修例對Bybit有什麼影響？丨Bybit CEO如何看待監管丨未來發展方向丨Bybit card 8%年利率？丨Bybit card 優勢丨KOL 看好後市？丨RELOAD晚會VLOG 丨廣東話,1977,UCmqS0zPC0zg4L4TiYyTiK4A,2023-09-30T11:00:06Z,"['Blockchain', '區塊鏈', 'DeFi', '加密貨幣', '虛擬貨幣', '加密貨幣市場', '香港加密貨幣修例', '全球加密貨幣監管', 'Bybit 發展方向', 'Bybit card 是什麼', 'Bybit card 優勢', 'Bybit card 回贈計算', 'Bybit card 迎新優惠', '後市分析', 'Bybit Reload 晚會', 'Bybit 牌照', 'Bybit 合法']","{'url': 'https://i.ytimg.com/vi/XNwuUrGv1Jg/default.jpg', 'width': 120, 'height': 90}","TG exchange group: https://t.me/cryptowesearch on this Token 2049 trip, where I had the privilege of participating in the Reload party, and where I had the chance to visit byybit's CEO Ben Zhon, knowing his views on the regulation of the global encrypt currency, Ben believes that the regulation of the global encrypt currency is dependent on the characterization of the encrypt currency, and that some districts consider the encrypt currency to be a fraud, and some of them have a welcome attitude, and Hong Kong's and Singapore's licensees are giving these districts such as Hong Kong, New Capital's license. Bybit card is expected to open up Hong Kong this year, so let's look forward to it! https://www.youtube.com/playlist?list=PLde-a4CMiDuNVuyF_kwBq0InsDFoo2erE DeFi in a tayaya wallet  https://youtube.be/YOmwt2Rsi1Y learns from scratch about tradingView shares https://youtu.be/0V-bkBJAQZM  , engraving my channel to find more opportunities in the world of Web3."
2,b-Wq-fAx_A4,"今天的節目我們有幸邀請到了 Lazy Beanz 的 founder、新城電台、Viutv 的客席主持 Michael ，Michael 參與過很多 NFT 的發行，社群的建立、項目的諮詢，這集節目會與我們分享 Web3 入行有什麼要注意的。

目前 NFT 技術對於現有市場帶來了顛覆性的影響，包括融資、銷售，甚至是商業模式，而 Michael 也有與我們分享，有 5 大行業目前是最適合實現去中心化的，分別是金融、遊戲、出版、藝術和創作，去中心化的技術能有效地幫助甚至改變他們的工作方式。

最近也有不少觀眾問我如何進入 Web3 這個行業，總是感覺這個行業很神秘，只有技術人才才可以加入，但是實際上我們並一定需要懂得 coding，除了技術部門以外，其實還有很多不同的角色，比如市場營銷、商業開發、項目管理等等，甚至內容創作者也是一個進入行業的方法。 

Michael 也分享了一些現在進入行業的好處，因為目前行業的發展還在早期，從業人員都是屬於行業的早烏，可以分享新行業的早期紅利，不少公司都是剛剛開始發展，所以只需要工作幾年就可以成為公司元老，有更好向上流的通道。而且整體的工作文化有活力，每個人都可以找到屬於自己的工作模式。 

同時我們也有一些與Web2行業不同的工作方式，行業內的不少人都是處在7x24的工作狀態，晚上有時也要投放時間工作，而這就是靈活工作環境的另一面，工作時間的不穩定換來的是相對 Web2 比較高的薪酬。

提到 Token 2049，Michael 亦也表示雖然現在市場是熊市，但是在會議上還是能見到不同面向的項目，比如加密貨幣支付、公鏈開發和去中心化金融等等，都在以不同方式持續建設加密行業，所以我們也要不斷進步，準備好迎接牛市到來。

LazyBeanz 懶人區塊空間： https://portaly.cc/lazybeanz

聲明：此影片內容及觀點皆為參考且不構成投資建議。

00:00 嘉賓 Michael 介紹
00:14 最初怎樣接觸 Web3、比特幣及NFT概念？
02:04 什麼行業適合運用去中心化概念
03:32 Web3 應用及成熟度
04:24 怎麼開始經營社交平台
06:26 社交平台主要的資訊內容？
07:22 對Web3工作環境的看法
13:50 Token 2049與相關舉辦的研討會的不同
16:14 Desmond Vlog
16:52 完結
_______________________________________________
新手必看影片🎥
完整清單 🚀 https://www.youtube.com/playlist?list=PLde-a4CMiDuNVuyF_kwBq0InsDFoo2erE  

DeFi 以太坊錢包 MetaMask 手把手教學 🦊
https://youtu.be/YOmwt2Rsi1Y 

從零開始學習 TradingView｜炒幣炒股必備🔥 
https://youtu.be/0V-bkBJAQZM 
____________________
訂閱我的頻道，一起在 Web3 世界中找出更多機會。
記得按下小鈴鐺 🔔  就不會錯過任何重要資訊！",Web3 工作薪酬高福利好？丨Web3 工作好處壞處拆解丨工作時間超靈活 = 24小時工作 ？丨怎麼進入web3行業？丨Token 2049與香港會議不同？丨token 2049 Vlog 丨廣東話,1438,UCmqS0zPC0zg4L4TiYyTiK4A,2023-09-22T12:00:10Z,"['Blockchain', '區塊鏈', 'DeFi', '加密貨幣', '虛擬貨幣', '加密貨幣市場', 'Web3 入行', 'Web3 工作薪酬', '如何找到 Web3 工作', '適合去中心化的行業', 'Web3 商業模式', 'Web3 工作優勢', 'Web3 工作模式', 'Token 2049']","{'url': 'https://i.ytimg.com/vi/b-Wq-fAx_A4/default.jpg', 'width': 120, 'height': 90}","Today’s NFT technology has had a dramatic impact on the market, including money, sales, and even business models, and Michael has shared it with us, with five major businesses that are now the most well-developed and centralized, with financial, game, publication, art, and creative, and technology that can effectively help or even change their ways of doing business. Recently, many people have asked me how to get into the Web3 business, which is always mysterious, only skilled people can do it, but we need to learn how to do business, besides technology, which has a lot of different players, such as business, business, business, business, business, and so on. At the same time, there are different ways of working than in the Web2 industry, where a lot of people work in 7x24 and sometimes spend their time in different ways at night, which is the other side of the living working environment, where the precariousness of the working hours is matched by a relatively high remuneration for the Web2. Referring to Token 2049, Michael also said that, although the market is a bear market, there are different kinds of projects that can be seen at the conference, such as encoded currency payments, public chain development and decentralised finance, and so on, there are different ways in which encryption can be built in different ways, so we have to keep going. Lazy Beanz’s space: https://portaly.cc/lazybeanzanz: New hands must look at a full list https://www.youtube.com/playlist?list=PLde-a4CMiDuNVuyF_kwBq0InsDFoo2erE DeFi in an over-the-counter wallet MetaMask hands-on tutorial https://youtu.be/YOmwt2Rsi1Y learns from scratch that TradingView shares must be set up from scratch https://youtu.be/0V-bkBJAQZM to share my channel and find more opportunities in the world of Web3."
3,SZPxOWPacmo,"一夜爆紅的「friend.tech」究竟是什么？最近最紅的 web3 應用無疑就是 Friend.tech 了， 這個項目憑着極其單一的功能便受到不少人追捧。🤩

Friendtech在 8 月 11 號推出，在推出當天就創下單日突破4000 ETH 的交易量，其中的原因不外乎 friend.tech 徹底擁抱了龐氏，讓每個人都陷入了炒賣的狂潮之中。另外得到了神級 VC Paradigm 融資也是市場狂熱的一個重點因素。Friend Tech 可以讓用戶去綁定Twitter，或者叫X戶口 令到每個Account都有「社交價值」 ，可以以此進行交易，我們可以簡單理解為Friend.tech 就是 Web3 和文字版的 Patreon 或者 Onlyfans。🥺

而空投方面，每個星期五都會空投積分，不少用戶都會想刷積分希望之後出 Tokens 的時候會有相對的空投。

但是想加入炒賣行列也要小心其中的風險點，第一就是目前主流的 Friend.tech KOL 都是英文使用者，如果不熟悉相關的 KOL ，基本上炒賣就是在靠運氣了。第二，買賣差價和手續費都很高，買賣 Keys 都會收 10% Fee，有可能需要漲超過20～30%才開始有盈利，所以需要算好成本才能進行交易。

讓我手把手教你申請Friend.tech帳戶，也希望可以支持一下其他的中文 KOL，例如小浣熊、每日幣研的 Alvin 和錢琛。除了他們以外，Friendmex 和realfriend.tech 這兩個工具，更加適合Traders去用，介面簡潔易用，大家也可以試一試運用這些數據尋寶。🧐

聲明：此影片內容及觀點皆為參考且不構成投資建議。
_______________________________________________
新手必看影片🎥
完整清單 🚀 https://www.youtube.com/playlist?list=PLde-a4CMiDuNVuyF_kwBq0InsDFoo2erE  

DeFi 以太坊錢包 MetaMask 手把手教學 🦊
https://youtu.be/YOmwt2Rsi1Y 

從零開始學習 TradingView｜炒幣炒股必備🔥 
https://youtu.be/0V-bkBJAQZM 
____________________
訂閱我的頻道，一起在 Web3 世界中找出更多機會。
記得按下小鈴鐺 🔔  就不會錯過任何重要資訊！",爆紅 Friend.tech 是不是龐氏騙局？丨 神級 VC Paradigm 融資 丨 買入輕鬆 100 倍？丨有沒有空投？丨炒賣 Keys 工具介紹丨如何申請Friend.tech丨廣東話,1689,UCmqS0zPC0zg4L4TiYyTiK4A,2023-09-07T12:00:09Z,"['Blockchain', '區塊鏈', 'DeFi', '加密貨幣', '虛擬貨幣', '加密貨幣市場', 'Friend.tech', 'Paradigm 融資項目', 'Friend.tech 空投', '炒賣 Keys 工具介紹', 'Friend.tech 是不是龐氏騙局', '如何申請Friend.tech', '社交賽道', 'Social-Fi']","{'url': 'https://i.ytimg.com/vi/SZPxOWPacmo/default.jpg', 'width': 120, 'height': 90}","The famous one-day break-up of 4,000 ETH was launched on the 11th of August, for reasons other than the fact that the latest redest web3 has caught everyone in a rush to sell. It's also an important factor in the market's heat. FriendTech can get his customers to tie up Twitter or call X-Dob to every Acont, and it's a trade that we can easily understand as the Friend.tech is the second most expensive, the second most expensive, the second most expensive, the second most expensive, and the second most expensive, the second most expensive. In addition to them, Friendmex and RealFriend.tech are two tools that are more suitable for Traders to use, which are simple and easy to use. Let me show you how to use. You won't miss any important information!"
4,23of6Rf6f2w,"無論是剛剛入門加密貨幣錢包的新手，還是第一次要到鏈上使用服務的用戶，創造自己的第一個區塊鏈錢包通常都是一個讓人不安的過程。😱

抄下並保存 12 個助記詞、嘗試從交易所提領轉帳、在等待交易的每分每秒都是折磨，不清楚自己的錢是否到達了正确的地址、更加不用說第一次自己添加不同的鏈，其中只要一個步驟錯了，所有幣都會灰飛煙滅，也讓上鏈變成一個巨大的挑戰與門檻。😥

在長達七年的探索，到今年 ERC-4337 帳戶抽象成功部署到以太鏈主網後，越來越多新一代智能合約錢包項目讓我們有更多更直覺的產品可以選擇，也是迎接龐大 Web2 用戶的必要前置作業，現在使用加密貨幣錢包的門檻降低了很多。😌

過去遺失助記詞/私鑰的問題得到了解決，已經令不少新人的心理壓力減少，加上現在 AA 錢包存在更加多的優點和功能，比如帳戶恢復、帳戶凍結、多簽授權等等，在 AA 錢包的客製化與可擴展性的條件下，往後的發展只會令錢包的功能更加全面而且智能。🤗

而今天我也會介紹而且示範如何創建一個支援 7 條公鏈的錢包- OKX AA 錢包。這個錢包存在很多方便且重要的功能，比如法幣出入金、一鍵交易等等。OKX 現在甚至有免手續費的優惠活動，歡迎每一位前去體驗。😎

如果大家想體驗 OKX 的 AA 錢包，我也準備了優惠連結給每一位，用我的優惠連結申請帳號會有相應的優惠提供給大家！👇 👇 
https://okx.com/join?channelid=ACE518538

另外 OKX 香港推出刷卡買幣功能，用戶可以立即使用 Visa 、Mastercard 信用卡或銀行存款卡購買加密貨幣，支持以HKD或USD進行付款。購買金額大於HKD 80 (或USD 10)即可參與刷卡買幣限時活動，獲得5%的比特幣獎勵，最高可對價值達HKD 8,000（或USD 1,000）的首次刷卡買幣交易發放獎勵。相當於免手續費安全入金！OKX的刷卡買幣應該是市面上手續費最低的，而且不用擔心交易安全問題，有卡就能買加密貨幣！
立即碌卡買幣👇 👇 
https://www.okx.com/hk/activities/buy-with-card

開戶連結：https://okx.com/join?channelid=ACE518538

00:00 AA錢包是什麼
01:01 V神對AA錢包的看法
01:36 EIP-4337 提案
02:06 什麼是AA
02:40 AA錢包的特點
03:00 支援八條公鏈的錢包
03:31 體驗錢包的條件
03:50 示範創建錢包
05:00 錢包的特點
05:14 總結
聲明：此影片內容及觀點皆為參考且不構成投資建議。

_______________________________________________
新手必看影片🎥
完整清單 🚀 https://www.youtube.com/playlist?list=PLde-a4CMiDuNVuyF_kwBq0InsDFoo2erE  

DeFi 以太坊錢包 MetaMask 手把手教學 🦊
https://youtu.be/YOmwt2Rsi1Y 

從零開始學習 TradingView｜炒幣炒股必備🔥 
https://youtu.be/0V-bkBJAQZM 
____________________
訂閱我的頻道，一起在 Web3 世界中找出更多機會。
記得按下小鈴鐺 🔔  就不會錯過任何重要資訊！",OKX AA 錢包好用嗎？丨新時代 AA 錢包功能超齊全丨終結助記詞惡夢 丨加密貨幣錢包全新體驗丨V神看好概念丨什麼是抽象帳戶丨創建 OKX AA 錢包教學丨AA 錢包的好處丨廣東話,6189,UCmqS0zPC0zg4L4TiYyTiK4A,2023-08-30T12:00:09Z,"['Blockchain', '區塊鏈', 'DeFi', '加密貨幣', '虛擬貨幣', '加密貨幣市場', '什麼是AA錢包', '新手加密貨幣錢包', 'AA錢包介紹', 'AA錢包項目', '抽象帳戶是什麼', 'ERC-4337', '智能合約錢包', 'OKX AA 錢包', '如何創建 OKX AA 錢包', 'OKX AA 錢包 評價']","{'url': 'https://i.ytimg.com/vi/23of6Rf6f2w/default.jpg', 'width': 120, 'height': 90}","I don't know if my money has arrived at the right address, not to mention the first time I'm adding a different chain, where as long as one step is wrong, all the coins will be wiped out, and the first chain will be turned into a huge challenge and a doorway. After seven years of exploration, an ERC-4337 account has been successfully deployed this year in an ERC-4337 network, a new generation of smart and easy-to-trade packages has made us more aware of the right address, less to say, the first time we're going to add a different chain, so that as long as one step is wrong, all the coins will be destroyed, and so that they will become a huge challenge and a door to the door. If you want to experience the AA package of OKX, I've prepared a beneficial link to each of you, which will be matched with the benefit of the HKD or USD. https://okx.com/join?channelid=ACE518538. Also, OKX Hong Kong has introduced a card buying function that allows users to buy encoded currency immediately using Visa, Mastercard credit cards or bank deposit cards to support payment with HKD or USD. Special 030:31 Conditions to support eight public chains 03:50 Special features for the creation of a wallet 0500:14 Summary: The content and view of the film are both considered and not considered investment advice. https://www.youtube.com/playlist=PLde-a4CMiDuNVuyF_kwBq0InsFoo2E deFi in a remote bank account https://youtu.be/Yomwt2Rsi1Y from scratch will not be able to find any more information on the world!"
5,WjJlTzStboQ,"整個幣市一晚暴瀉，60億市值一夜蒸發，有超過17萬人爆倉，究竟昨晚發生了什麼事？☠️

市場暴跌原因有三個，一個是恒大在美國申請破產保護令市場擔憂，二是 SpaceX 出清了持有的比特幣，三是SEC 延遲了 ETF 的申請。🧐

三方因素影響，導致昨天晚上的市場波動。但是在中期而言，幣市依然有利好消息支撐。

BlackRock 提出申請 BTC ETF，同時 美國 SEC 已表明準備公開考慮是否放行以太幣期貨 ETF，所以雖然市場在短時間大跌，但這也是洗走短期投資者的時間。往後市場上少了槓桿，預期會有助升勢。

ETF 可能在未來會令幣價大幅波動，甚至成為下個牛市的催化劑，為幣市注入新血、新的資金。現在我們可能就是在 Accumulation 的階段，所以不要完全失去希望，不要開太大槓桿被人洗出市場。🤩

如果你有興趣使用followin，歡迎使用下面這個連結。

https://followin.io/referral/3tN2xa
聲明：此影片內容及觀點皆為參考且不構成投資建議。
_______________________________________________
新手必看影片🎥
完整清單 🚀 https://www.youtube.com/playlist?list=PLde-a4CMiDuNVuyF_kwBq0InsDFoo2erE  

DeFi 以太坊錢包 MetaMask 手把手教學 🦊
https://youtu.be/YOmwt2Rsi1Y 

從零開始學習 TradingView｜炒幣炒股必備🔥 
https://youtu.be/0V-bkBJAQZM 
____________________
訂閱我的頻道，一起在 Web3 世界中找出更多機會。
記得按下小鈴鐺 🔔  就不會錯過任何重要資訊！",幣市一夜蒸發60億美金！丨三方因素導致市場暴跌丨比 FTX 更可怕丨ETF 能不能拯救市場？丨幣市利好消息丨廣東話,2699,UCmqS0zPC0zg4L4TiYyTiK4A,2023-08-18T11:30:08Z,"['Blockchain', '區塊鏈', 'DeFi', '加密貨幣', '虛擬貨幣', '加密貨幣市場']","{'url': 'https://i.ytimg.com/vi/WjJlTzStboQ/default.jpg', 'width': 120, 'height': 90}","In the medium term, however, the market will continue to have good news. Black Rock has filed an application for BTC ETF, and in the same time the US SEC has indicated that it is ready to publicly consider whether to let go of the foreign currency ETF, so that the market has fallen in short time, but this is also the time to wash away the short-term investors. https://www.youtube.com/playlist?list=PLde-a4CMiDuNVuyF_kwBq0InsDFoo2erE DeFi hands-on tutorial https://youtube.be/YOmwt2Rsi1Y from scratch"
6,DwFDVOxpNn8,"Base 鏈過去一段時間聲勢浩大，一方面是因為 Coinbase 的老牌背景支持，另一方面就是因為千倍 meme coin $BALD 帶來的話題性。👀

而 Base Layer 2 的發展越強盛，對於 Optimism 亦是一個利好消息，Base layer 2 正正就是用了 OP Stack 去搭建。而且部分手續費更加會返還給 Optimism 國庫，因此吸引了不少人對於 Optimism 生態的關注。😳

近期我們可以看到 Optimism正在發力追趕 Arbitrum ，Optimism 的活躍地址數量和鎖倉量都在持續上升，這是否 OP stack 即將成為主流的一個信號？但是我們也不能忽視 OP 幣價背後的隱憂，$OP 有大量代幣尚未解鎖，往後有機會面臨早期投資者的賣壓。😩

作為對手的 ZK Stack 又有什麼發展優勢？零知識證明在技術層面更優秀，為何會逐漸失去市場支持？ZK Stack 又能否靠 layer 3 扳回一城？😎

聲明：此影片內容及觀點皆為參考且不構成投資建議。
_______________________________________________
新手必看影片🎥
完整清單 🚀 https://www.youtube.com/playlist?list=PLde-a4CMiDuNVuyF_kwBq0InsDFoo2erE  

DeFi 以太坊錢包 MetaMask 手把手教學 🦊
https://youtu.be/YOmwt2Rsi1Y 

從零開始學習 TradingView｜炒幣炒股必備🔥 
https://youtu.be/0V-bkBJAQZM 
____________________
訂閱我的頻道，一起在 Web3 世界中找出更多機會。
記得按下小鈴鐺 🔔  就不會錯過任何重要資訊！",OP Stack 是以太坊的未來？丨ZK Stack 有競爭力嗎丨Base 鏈 Layer 2 大利好 Optimistic？丨OP stack 發展超級鏈丨zkSync 發展 Layer 3丨廣東話,1355,UCmqS0zPC0zg4L4TiYyTiK4A,2023-08-16T12:00:09Z,"['Blockchain', '區塊鏈', 'DeFi', '加密貨幣', '虛擬貨幣', '加密貨幣市場', 'Layer 2', 'Base', 'OP stack', 'Coinbase', 'zkSync', 'Superchain']","{'url': 'https://i.ytimg.com/vi/DwFDVOxpNn8/default.jpg', 'width': 120, 'height': 90}","The Base chain has been huge for some time, on the one hand because of Coinbase’s old-fashioned support and, on the other hand, because of a thousand times of meme coin $BALD’s rhetoric. And the more development of Base Layer 2 has been a good news for Optimism, whose number of live addresses and lockdowns are on the rise, and whether OP Stack is going to be a sign of mainstreamism, and partly because it has attracted attention to Optimism’s legacy. Recently, we can see that Optimism is pursuing Arbitrum, Optimism’s number of live addresses and lockdowns are on the rise. https://www.youtube.com/playlist?list=PLde-a4CMiDuNVuyF_kwBq0InsDFoo2erE DeFi hand-in-hand tutorial MetaMask https://youtube.be/YOmwt2Rsi1Y from scratch"
7,aFp-fKroN1Q,"不少朋友經常抱怨 Google drive，iCloud 等等的雲端儲存服務數據傳輸速度太慢，上下載數據都需要耗費太多時間。

甚至不時就會聽到雲端數據遺失的個案，令人對於數據安全問題有些疑慮。不過相信 Filecoin 的多節點存儲技術會為你以上的問題帶來驚喜。

今天，我有幸請到了STFIL 創辦人 Kate 來和我們分享一下去中心化數據儲存技術。 這種技術能為我們帶來更快，更安全，更低成本的雲端儲存服務。

而且 Kate 更加會與我們分享 Filecoin 的 Defi 生態， 原來 Filecoin 已經有更多的流動性質押選擇，值得我們多作了解。
聲明：此影片內容及觀點皆為參考且不構成投資建議。

_______________________________________________
新手必看影片🎥
完整清單 🚀 https://www.youtube.com/playlist?list=PLde-a4CMiDuNVuyF_kwBq0InsDFoo2erE  

DeFi 以太坊錢包 MetaMask 手把手教學 🦊
https://youtu.be/YOmwt2Rsi1Y 

從零開始學習 TradingView｜炒幣炒股必備🔥 
https://youtu.be/0V-bkBJAQZM 
____________________
訂閱我的頻道，一起在 Web3 世界中找出更多機會。
記得按下小鈴鐺 🔔  就不會錯過任何重要資訊！

00:00 介紹 stFile co- Founder Kate
00:09 Filecoin 與 IPFS 是什麼
00:53 大眾如何使用IPFS系統
01:59 去中心化儲存有什麼好處
02:55 數據的安全如何得到保護
03:17 Filecoin 的近期更新 
03:31 對Filecoin 未來發展的看法
03:55 stFile 相似於 以太坊上的 LSD協議嗎
04:28 FVM 和 EVM的分別
05:39 在stFile 質押的優勢
06:33 發展Web3項目的原因
07:54  Web2 到 Web3 的挑戰
09:08 喜歡數位遊牧的生活方式嗎
10:25 Filecoin DeFi 的挑戰
10:56 參加Global accelerator 的原因
11:25 對去中心化儲存未來的看法
12:50 EthCC的分享
14:40 結束",Web3 版 Google drive？丨傳輸更快更安全丨去中心化數據儲存丨Filecoin生態丨Filecoin Virtual Machine丨LSD協議丨廣東話,1875,UCmqS0zPC0zg4L4TiYyTiK4A,2023-08-11T11:00:08Z,"['Blockchain', '區塊鏈', 'DeFi', '加密貨幣', '虛擬貨幣', '加密貨幣市場', 'stFile', 'Filecoin', 'IPFS', '流動性質押', 'Filecoin Virtual Machine', 'Filecoin Liquid Staking', 'LSD協議']","{'url': 'https://i.ytimg.com/vi/aFp-fKroN1Q/default.jpg', 'width': 120, 'height': 90}","Many friends often complain about Google Drive, iCloud, and so on. Today, I have the honour to invite SFIL’s founder Kate to share with us the centralised data storage technology that will bring us faster, safer, and cheaper cloud storage services. And Kate will share more with us the Filecoin’s Defi legacy, which was already more fluid than we would have known. Remember to use small bells to find more opportunities in the world! 00:00 to introduce stFile co-founder kate 0009 Filecoin and IPFS: 00:53 how the public uses the IPFS system 01:59 to centralize what's good for saving 02:55 how the security of the data is protected 03:17 Filecoin Recent update 03:31 on the future of Filecoin 03:55 stile similar to the LSDco 00:09 Filecoin and IPFS: 04:28 FVM and EVM different 05:39 on the priority of stFile 06:33 Web3 reasons for the future development of Firecoin 03:55 stile:"
8,g1bkHpjPHXA,"過去好間幾交易所爆雷:警告:，讓你想炒幣又不知道資金放在哪裡好？
我曾經介紹了 8 間去中心化交易所給大家，讓大家可以把可以把資金主控權掌握手中。
而有不少朋友反映用 Dex 的服務要給 Gas Fee ，用得有點心痛，而今天我將會向大家介紹 7 間新的去中心化交易所。
其中 1 間更加實現 0 Gas Fee 的服務， 而且更會在支援的區塊鏈和特色作比較，讓大家依照自己的交易習慣和需求去選擇。:肌肉::肤色-2:

00:00 為什麼有人喜歡DEX？
00:22 前情提要
00:53 UniswapX 介紹
02:54 Narwhal Finance 介紹
04:36 Gains Network 介紹
05:11 Vela Exchange 介紹
05:25 KTX.Finance 介紹
05:47 APEX 介紹
06:29 Infinex 介紹
08:29 結尾


聲明：此影片內容及觀點皆為參考且不構成投資建議。

_______________________________________________
新手必看影片🎥
完整清單 🚀 https://www.youtube.com/playlist?list=PLde-a4CMiDuNVuyF_kwBq0InsDFoo2erE  

DeFi 以太坊錢包 MetaMask 手把手教學 🦊
https://youtu.be/YOmwt2Rsi1Y 

從零開始學習 TradingView｜炒幣炒股必備🔥 
https://youtu.be/0V-bkBJAQZM 
____________________
訂閱我的頻道，一起在 Web3 世界中找出更多機會。
記得按下小鈴鐺 🔔  就不會錯過任何重要資訊！",Dex交易唔使俾 Gas Fee？丨 Cex優勢不再？丨 7 個全新去中心化交易所 丨Uniswap 丨APEX 丨透明化跟單交易丨虛擬貨幣交易所丨Decentralized Exchange丨廣東話,1334,UCmqS0zPC0zg4L4TiYyTiK4A,2023-08-03T12:00:07Z,"['Blockchain', '區塊鏈', 'DeFi', '加密貨幣', '虛擬貨幣', '加密貨幣市場', 'Dex', '交易所', '合約交易']","{'url': 'https://i.ytimg.com/vi/g1bkHpjPHXA/default.jpg', 'width': 120, 'height': 90}","There have been several exchanges in the past: Warfare, where you don’t know where to put the money. I have introduced eight to centralize the exchange so that you can take control of the money. t?list=PLde-a4CMiDuNVuyF_kwBq0InsDFoo2erE DeFi, using the family purse MetaMask, hands-on tutoring https://youutu.be/YOmwt2Rsi1Y, learning from scratch, trading View shares must be ready at https://youutu.be/0V-bkBJAQZM."
9,qlDC0Vx-FY0,"本週幣圈大事有很多，來讓我跟你快速看看有什麼值得留意的項目吧。

為慶祝麥樂雞® 40 週年，香港麥當勞® 在 The Sandbox 推出首個元宇宙體驗 —— McNuggets® Land🐔 將香港麥當勞餐廳帶入元宇宙，更為大家準備了一系列精彩小遊戲👾 完成任務更可獲豐富獎勵，包括 10 萬 SAND 獎池及一年免費麥樂雞！🤩👇

🌐 全球獎池 🌐 
🎁 10 萬 SAND 獎池
🎁 神秘寶箱 (包括獨家 NFT 收藏系列！)
🎁 紀念徽章

🇭🇰 香港用戶專屬獎池 🇭🇰
🎁 「免費食365日麥樂雞®」(名額10個)
🎁 「麥樂雞® (6件)超值套餐換領券」(名額10,000個)
____________________________________________________________________________________________________

為慶祝此合作，The Sandbox 官方中文團隊將舉行一系列有獎活動。
玩家只要簡單完成以下步驟，即有機會獲得獎勵！👇

🎁 獎勵：「麥樂雞® (6件)超值套餐換領券」 (名額10個)

🛎️ 如何參與？
1️⃣ 註冊 The Sandbox 帳號
2️⃣ 填寫以下表格 https://forms.gle/ULSmLELfo8Z5WtSD6

📅 截止日期：2023年8月10日晚上11:59 (UTC+8)

每個帳號最多可以獲得一次中獎機會 。
The Sandbox 將於截止日期後 10 個工作天內在 Desmond 的社群上公佈結果。
按此了解詳情，開啟你的元宇宙之旅！

如有疑問，請追蹤 The Sandbox 的社群媒體：https://linktr.ee/TheSandboxChinese

*優惠受條款及細則約束
*The Sandbox 保留一切最終決定權


00:00 一週幣圈熱話
00:20 倉鼠賽跑都可以賺百倍幣？
01:11 Telegram 機器人專案
02:59 Telegram Story
03:39 Solana已死 ？ 熊市推出Neon支持EVM
04:59 Linea 正式上線
05:31 Dex Narwhal Finance
05:49 比特大陸推出Filecoin 礦機
06:31 ETHCC
08:00 香港麥當勞® 在 The Sandbox 推出首個元宇宙體驗 —— McNuggets® Land

聲明：此影片內容及觀點皆為參考且不構成投資建議。

_______________________________________________
新手必看影片🎥
完整清單 🚀 https://www.youtube.com/playlist?list=PLde-a4CMiDuNVuyF_kwBq0InsDFoo2erE  

DeFi 以太坊錢包 MetaMask 手把手教學 🦊
https://youtu.be/YOmwt2Rsi1Y 

從零開始學習 TradingView｜炒幣炒股必備🔥 
https://youtu.be/0V-bkBJAQZM 
____________________
訂閱我的頻道，一起在 Web3 世界中找出更多機會。
記得按下小鈴鐺 🔔  就不會錯過任何重要資訊！",一週幣圈熱話｜倉鼠賽跑都可以賺百倍幣？｜Telegram 機器人專案｜Solana已死 ？ 熊市推出Neon支持EVM｜廣東話,1180,UCmqS0zPC0zg4L4TiYyTiK4A,2023-07-27T11:00:11Z,"['Blockchain', '區塊鏈', 'DeFi', '加密貨幣', '虛擬貨幣', '加密貨幣市場']","{'url': 'https://i.ytimg.com/vi/qlDC0Vx-FY0/default.jpg', 'width': 120, 'height': 90}","In celebration of the 40th anniversary of McNuggets and Landbox, Hong Kong launched its first meta-cosm experience – McNuggets Landing has brought Hong Kong's McDonald's Dining House into the Won-Cosmos, and has prepared a series of wonderful little games for you to complete, including 100,000 SANDs and a one-year free McNugs!  Global Lottery    SANDs     Mystery Box (including the exclusive NFT Collection Series!)   Hong Kong awards pool The Sandbox account 2  fills in the following table: https://forms.gle/ULSMLLfo8Z5WtSD6 deadline: 11:59 p.m. (UTC+8) August 10, 2023. The Sandbox will write the results of 10 working days after the cut-off date in the community of Desmond. On this basis, open your seminal journey! Follow the social media of The Sandbox: https://linktree/The SandboxChines* Bonus and details: The Sandbox reserves the right to make all final decisions 00:00 a week after the deadline. New hands must look at the video. Full list: https://www.youtube.com/playlist?list=PLde-a4CMiDuNVuyF_kwBq0InsDFoo2E DeFi using a ton-of-the-art wallet, Metamask hands-on learning https://youtu.be/YOmwt2Rsi1Y, starting from scratch. https://youtube.be/0V-bkBJAQZM."
